{
  "metrics": {
    "checks": {
      "fails": 1007,
      "passes": 33561,
      "value": 0
    },
    "data_received": {
      "count": 7922808,
      "rate": 18852.267104422335
    },
    "data_sent": {
      "count": 4079024,
      "rate": 9706.009532649183
    },
    "errors": {
      "fails": 0,
      "passes": 1007,
      "value": 0
    },
    "http_req_blocked": {
      "avg": 0.008560952325847856,
      "max": 2.429,
      "med": 0.005,
      "min": 0.002,
      "p(90)": 0.008,
      "p(95)": 0.013
    },
    "http_req_connecting": {
      "avg": 0.0011658759546401298,
      "max": 1.696,
      "med": 0,
      "min": 0,
      "p(90)": 0,
      "p(95)": 0
    },
    "http_req_duration": {
      "avg": 42.380512323536145,
      "max": 1410.582,
      "med": 15.3835,
      "min": 1.359,
      "p(90)": 79.47269999999999,
      "p(95)": 148.32925000000003
    },
    "http_req_receiving": {
      "avg": 0.09252195672298195,
      "max": 5.806,
      "med": 0.084,
      "min": 0.031,
      "p(90)": 0.126,
      "p(95)": 0.147
    },
    "http_req_sending": {
      "avg": 0.03596626938208544,
      "max": 3.551,
      "med": 0.029,
      "min": 0.01,
      "p(90)": 0.05,
      "p(95)": 0.066
    },
    "http_req_tls_handshaking": {
      "avg": 0,
      "max": 0,
      "med": 0,
      "min": 0,
      "p(90)": 0,
      "p(95)": 0
    },
    "http_req_waiting": {
      "avg": 42.252024097431566,
      "max": 1410.432,
      "med": 15.25,
      "min": 1.26,
      "p(90)": 79.36859999999999,
      "p(95)": 148.22705000000005
    },
    "http_reqs": {
      "count": 34568,
      "rate": 82.25431807329815
    },
    "iteration_duration": {
      "avg": 1043.6885567722554,
      "max": 2411.245219,
      "med": 1016.267272,
      "min": 1001.762537,
      "p(90)": 1081.0083123,
      "p(95)": 1151.1473697000004
    },
    "iterations": {
      "count": 34568,
      "rate": 82.25431807329815
    },
    "vus": {
      "max": 100,
      "min": 1,
      "value": 1
    },
    "vus_max": {
      "max": 100,
      "min": 100,
      "value": 100
    }
  },
  "root_group": {
    "name": "",
    "path": "",
    "id": "d41d8cd98f00b204e9800998ecf8427e",
    "groups": {},
    "checks": {
      "status is 200": {
        "name": "status is 200",
        "path": "::status is 200",
        "id": "6210a8cd14cd70477eba5c5e4cb3fb5f",
        "passes": 33561,
        "fails": 1007
      }
    }
  }
}
