{
  "metrics": {
    "checks": {
      "fails": 8,
      "passes": 170,
      "value": 0
    },
    "data_received": {
      "count": 41202,
      "rate": 227.64583962862775
    },
    "data_sent": {
      "count": 21004,
      "rate": 116.0495416620479
    },
    "errors": {
      "fails": 0,
      "passes": 8,
      "value": 0
    },
    "http_req_blocked": {
      "avg": 0.015308988764044889,
      "max": 1.392,
      "med": 0.006,
      "min": 0.003,
      "p(90)": 0.01,
      "p(95)": 0.013600000000000022
    },
    "http_req_connecting": {
      "avg": 0.001101123595505618,
      "max": 0.196,
      "med": 0,
      "min": 0,
      "p(90)": 0,
      "p(95)": 0
    },
    "http_req_duration": {
      "avg": 14.208668539325842,
      "max": 92.435,
      "med": 12.0465,
      "min": 3.957,
      "p(90)": 19.726400000000005,
      "p(95)": 27.754800000000003
    },
    "http_req_receiving": {
      "avg": 0.09987078651685398,
      "max": 1.345,
      "med": 0.078,
      "min": 0.053,
      "p(90)": 0.1403,
      "p(95)": 0.16910000000000008
    },
    "http_req_sending": {
      "avg": 0.042033707865168544,
      "max": 0.315,
      "med": 0.039,
      "min": 0.02,
      "p(90)": 0.05530000000000001,
      "p(95)": 0.07260000000000001
    },
    "http_req_tls_handshaking": {
      "avg": 0,
      "max": 0,
      "med": 0,
      "min": 0,
      "p(90)": 0,
      "p(95)": 0
    },
    "http_req_waiting": {
      "avg": 14.066764044943813,
      "max": 91.974,
      "med": 11.921,
      "min": 3.856,
      "p(90)": 19.615500000000004,
      "p(95)": 27.407250000000005
    },
    "http_reqs": {
      "count": 178,
      "rate": 0.9834706920512534
    },
    "iteration_duration": {
      "avg": 1016.4447815898877,
      "max": 1095.485406,
      "med": 1014.4301674999999,
      "min": 1005.405297,
      "p(90)": 1021.8860158,
      "p(95)": 1029.8444185
    },
    "iterations": {
      "count": 178,
      "rate": 0.9834706920512534
    },
    "vus": {
      "max": 1,
      "min": 1,
      "value": 1
    },
    "vus_max": {
      "max": 1,
      "min": 1,
      "value": 1
    }
  },
  "root_group": {
    "name": "",
    "path": "",
    "id": "d41d8cd98f00b204e9800998ecf8427e",
    "groups": {},
    "checks": {
      "status is 200": {
        "name": "status is 200",
        "path": "::status is 200",
        "id": "6210a8cd14cd70477eba5c5e4cb3fb5f",
        "passes": 170,
        "fails": 8
      }
    }
  }
}
