{
  "metrics": {
    "checks": {
      "fails": 72,
      "passes": 2318,
      "value": 0
    },
    "data_received": {
      "count": 548118,
      "rate": 1825.9062767736036
    },
    "data_sent": {
      "count": 282020,
      "rate": 939.4730480949206
    },
    "errors": {
      "fails": 0,
      "passes": 72,
      "value": 0
    },
    "http_req_blocked": {
      "avg": 0.010695397489539847,
      "max": 1.678,
      "med": 0.007,
      "min": 0.002,
      "p(90)": 0.01,
      "p(95)": 0.018
    },
    "http_req_connecting": {
      "avg": 0.0013171548117154814,
      "max": 0.441,
      "med": 0,
      "min": 0,
      "p(90)": 0,
      "p(95)": 0
    },
    "http_req_duration": {
      "avg": 16.450456485355666,
      "max": 573.387,
      "med": 10.6625,
      "min": 1.748,
      "p(90)": 23.6698,
      "p(95)": 36.26294999999986
    },
    "http_req_receiving": {
      "avg": 0.09725271966527188,
      "max": 0.952,
      "med": 0.083,
      "min": 0.045,
      "p(90)": 0.139,
      "p(95)": 0.1735499999999997
    },
    "http_req_sending": {
      "avg": 0.04449372384937266,
      "max": 1.369,
      "med": 0.037,
      "min": 0.011,
      "p(90)": 0.067,
      "p(95)": 0.092
    },
    "http_req_tls_handshaking": {
      "avg": 0,
      "max": 0,
      "med": 0,
      "min": 0,
      "p(90)": 0,
      "p(95)": 0
    },
    "http_req_waiting": {
      "avg": 16.30871004184102,
      "max": 573.189,
      "med": 10.500499999999999,
      "min": 1.664,
      "p(90)": 23.42809999999999,
      "p(95)": 36.139499999999856
    },
    "http_reqs": {
      "count": 2390,
      "rate": 7.961636000804412
    },
    "iteration_duration": {
      "avg": 1018.3824825790776,
      "max": 1573.83038,
      "med": 1012.944873,
      "min": 1002.187775,
      "p(90)": 1025.3105508,
      "p(95)": 1038.5228694
    },
    "iterations": {
      "count": 2390,
      "rate": 7.961636000804412
    },
    "vus": {
      "max": 10,
      "min": 1,
      "value": 1
    },
    "vus_max": {
      "max": 10,
      "min": 10,
      "value": 10
    }
  },
  "root_group": {
    "name": "",
    "path": "",
    "id": "d41d8cd98f00b204e9800998ecf8427e",
    "groups": {},
    "checks": {
      "status is 200": {
        "name": "status is 200",
        "path": "::status is 200",
        "id": "6210a8cd14cd70477eba5c5e4cb3fb5f",
        "passes": 2318,
        "fails": 72
      }
    }
  }
}
