{
  "metrics": {
    "checks": {
      "fails": 2418,
      "passes": 79916,
      "value": 0
    },
    "data_received": {
      "count": 18873342,
      "rate": 44862.28149555343
    },
    "data_sent": {
      "count": 9715412,
      "rate": 23093.713237924567
    },
    "errors": {
      "fails": 0,
      "passes": 2418,
      "value": 0
    },
    "http_req_blocked": {
      "avg": 0.040026805450973375,
      "max": 57.409,
      "med": 0.006,
      "min": 0.002,
      "p(90)": 0.019,
      "p(95)": 0.027
    },
    "http_req_connecting": {
      "avg": 0.026229929312313247,
      "max": 57.204,
      "med": 0,
      "min": 0,
      "p(90)": 0,
      "p(95)": 0
    },
    "http_req_duration": {
      "avg": 3377.0699682269837,
      "max": 11538.487,
      "med": 3469.138,
      "min": 1.469,
      "p(90)": 4435.995999999999,
      "p(95)": 5085.642599999998
    },
    "http_req_receiving": {
      "avg": 0.11762038768916455,
      "max": 61.336,
      "med": 0.095,
      "min": 0.026,
      "p(90)": 0.156,
      "p(95)": 0.203
    },
    "http_req_sending": {
      "avg": 0.06634821580392147,
      "max": 98.117,
      "med": 0.03,
      "min": 0.01,
      "p(90)": 0.061,
      "p(95)": 0.089
    },
    "http_req_tls_handshaking": {
      "avg": 0,
      "max": 0,
      "med": 0,
      "min": 0,
      "p(90)": 0,
      "p(95)": 0
    },
    "http_req_waiting": {
      "avg": 3376.885999623482,
      "max": 11538.354,
      "med": 3468.9745000000003,
      "min": 1.37,
      "p(90)": 4435.875499999999,
      "p(95)": 5085.496049999998
    },
    "http_reqs": {
      "count": 82334,
      "rate": 195.70943421969972
    },
    "iteration_duration": {
      "avg": 4402.288963642293,
      "max": 14210.33689,
      "med": 4470.9247,
      "min": 1001.893102,
      "p(90)": 5468.6948306,
      "p(95)": 6164.0638698499915
    },
    "iterations": {
      "count": 82334,
      "rate": 195.70943421969972
    },
    "vus": {
      "max": 1000,
      "min": 12,
      "value": 12
    },
    "vus_max": {
      "max": 1000,
      "min": 1000,
      "value": 1000
    }
  },
  "root_group": {
    "name": "",
    "path": "",
    "id": "d41d8cd98f00b204e9800998ecf8427e",
    "groups": {},
    "checks": {
      "status is 200": {
        "name": "status is 200",
        "path": "::status is 200",
        "id": "6210a8cd14cd70477eba5c5e4cb3fb5f",
        "passes": 79916,
        "fails": 2418
      }
    }
  }
}
