{
  "metrics": {
    "checks": {
      "fails": 0,
      "passes": 21339,
      "value": 0
    },
    "data_received": {
      "count": 23387544,
      "rate": 55557.60233085932
    },
    "data_sent": {
      "count": 2240595,
      "rate": 5322.580515273931
    },
    "http_req_blocked": {
      "avg": 0.010205023665587652,
      "max": 7.332,
      "med": 0.006,
      "min": 0.002,
      "p(90)": 0.009,
      "p(95)": 0.011
    },
    "http_req_connecting": {
      "avg": 0.001818032710061391,
      "max": 1.158,
      "med": 0,
      "min": 0,
      "p(90)": 0,
      "p(95)": 0
    },
    "http_req_duration": {
      "avg": 7.561553259290499,
      "max": 218.696,
      "med": 5.789,
      "min": 1.712,
      "p(90)": 12.3894,
      "p(95)": 15.737299999999996
    },
    "http_req_receiving": {
      "avg": 0.08703908336848058,
      "max": 2.579,
      "med": 0.077,
      "min": 0.027,
      "p(90)": 0.122,
      "p(95)": 0.142
    },
    "http_req_sending": {
      "avg": 0.037692862833309075,
      "max": 1.948,
      "med": 0.032,
      "min": 0.008,
      "p(90)": 0.051,
      "p(95)": 0.074
    },
    "http_req_tls_handshaking": {
      "avg": 0,
      "max": 0,
      "med": 0,
      "min": 0,
      "p(90)": 0,
      "p(95)": 0
    },
    "http_req_waiting": {
      "avg": 7.436821313088707,
      "max": 218.593,
      "med": 5.663,
      "min": 1.619,
      "p(90)": 12.2774,
      "p(95)": 15.620699999999989
    },
    "http_reqs": {
      "count": 21339,
      "rate": 50.69124300260887
    },
    "iteration_duration": {
      "avg": 1008.9020633384955,
      "max": 1219.544761,
      "med": 1007.495926,
      "min": 1001.974998,
      "p(90)": 1013.3684939999999,
      "p(95)": 1016.7251417
    },
    "iterations": {
      "count": 21339,
      "rate": 50.69124300260887
    },
    "vus": {
      "max": 100,
      "min": 1,
      "value": 2
    },
    "vus_max": {
      "max": 100,
      "min": 100,
      "value": 100
    }
  },
  "root_group": {
    "name": "",
    "path": "",
    "id": "d41d8cd98f00b204e9800998ecf8427e",
    "groups": {},
    "checks": {
      "status is 200": {
        "name": "status is 200",
        "path": "::status is 200",
        "id": "6210a8cd14cd70477eba5c5e4cb3fb5f",
        "passes": 21339,
        "fails": 0
      }
    }
  }
}
