{
  "metrics": {
    "checks": {
      "fails": 0,
      "passes": 179,
      "value": 0
    },
    "data_received": {
      "count": 196184,
      "rate": 1087.5712197579887
    },
    "data_sent": {
      "count": 18795,
      "rate": 104.19249824323798
    },
    "http_req_blocked": {
      "avg": 0.01459217877094967,
      "max": 1.403,
      "med": 0.006,
      "min": 0.003,
      "p(90)": 0.009,
      "p(95)": 0.013099999999999994
    },
    "http_req_connecting": {
      "avg": 0.0011955307262569831,
      "max": 0.214,
      "med": 0,
      "min": 0,
      "p(90)": 0,
      "p(95)": 0
    },
    "http_req_duration": {
      "avg": 5.5185530726257,
      "max": 45.105,
      "med": 4.769,
      "min": 2.843,
      "p(90)": 7.347800000000005,
      "p(95)": 8.639199999999999
    },
    "http_req_receiving": {
      "avg": 0.09741899441340787,
      "max": 1.288,
      "med": 0.081,
      "min": 0.057,
      "p(90)": 0.13260000000000005,
      "p(95)": 0.16049999999999998
    },
    "http_req_sending": {
      "avg": 0.03915642458100556,
      "max": 0.162,
      "med": 0.037,
      "min": 0.02,
      "p(90)": 0.051,
      "p(95)": 0.06399999999999995
    },
    "http_req_tls_handshaking": {
      "avg": 0,
      "max": 0,
      "med": 0,
      "min": 0,
      "p(90)": 0,
      "p(95)": 0
    },
    "http_req_waiting": {
      "avg": 5.381977653631284,
      "max": 44.834,
      "med": 4.662,
      "min": 2.693,
      "p(90)": 7.192400000000005,
      "p(95)": 8.3982
    },
    "http_reqs": {
      "count": 179,
      "rate": 0.9923095070784569
    },
    "iteration_duration": {
      "avg": 1007.4616249720665,
      "max": 1047.385713,
      "med": 1006.791585,
      "min": 1003.166521,
      "p(90)": 1009.8481416000001,
      "p(95)": 1011.3024491
    },
    "iterations": {
      "count": 179,
      "rate": 0.9923095070784569
    },
    "vus": {
      "max": 1,
      "min": 1,
      "value": 1
    },
    "vus_max": {
      "max": 1,
      "min": 1,
      "value": 1
    }
  },
  "root_group": {
    "name": "",
    "path": "",
    "id": "d41d8cd98f00b204e9800998ecf8427e",
    "groups": {},
    "checks": {
      "status is 200": {
        "name": "status is 200",
        "path": "::status is 200",
        "id": "6210a8cd14cd70477eba5c5e4cb3fb5f",
        "passes": 179,
        "fails": 0
      }
    }
  }
}
