{
  "metrics": {
    "checks": {
      "fails": 2,
      "passes": 1729,
      "value": 0
    },
    "data_received": {
      "count": 1894984,
      "rate": 6307.872178435825
    },
    "data_sent": {
      "count": 181545,
      "rate": 604.3125718391985
    },
    "errors": {
      "fails": 0,
      "passes": 2,
      "value": 0
    },
    "http_req_blocked": {
      "avg": 0.01479896013864833,
      "max": 4.227,
      "med": 0.006,
      "min": 0,
      "p(90)": 0.01,
      "p(95)": 0.019
    },
    "http_req_connecting": {
      "avg": 0.0027544771808203357,
      "max": 1.665,
      "med": 0,
      "min": 0,
      "p(90)": 0,
      "p(95)": 0
    },
    "http_req_duration": {
      "avg": 5.216742345465049,
      "max": 95.009,
      "med": 4.206,
      "min": 0,
      "p(90)": 7.234,
      "p(95)": 9.711500000000001
    },
    "http_req_receiving": {
      "avg": 0.11283419988445989,
      "max": 9.488,
      "med": 0.094,
      "min": 0,
      "p(90)": 0.153,
      "p(95)": 0.185
    },
    "http_req_sending": {
      "avg": 0.042260543038706,
      "max": 2.119,
      "med": 0.036,
      "min": 0,
      "p(90)": 0.06,
      "p(95)": 0.0835
    },
    "http_req_tls_handshaking": {
      "avg": 0,
      "max": 0,
      "med": 0,
      "min": 0,
      "p(90)": 0,
      "p(95)": 0
    },
    "http_req_waiting": {
      "avg": 5.061647602541887,
      "max": 94.893,
      "med": 4.051,
      "min": 0,
      "p(90)": 7.055,
      "p(95)": 9.4395
    },
    "http_reqs": {
      "count": 1731,
      "rate": 5.762015268135464
    },
    "iteration_duration": {
      "avg": 1007.2670109341433,
      "max": 1095.499511,
      "med": 1006.242452,
      "min": 1000.847845,
      "p(90)": 1009.990243,
      "p(95)": 1012.267636
    },
    "iterations": {
      "count": 1731,
      "rate": 5.762015268135464
    },
    "vus": {
      "max": 10,
      "min": 1,
      "value": 1
    },
    "vus_max": {
      "max": 10,
      "min": 10,
      "value": 10
    }
  },
  "root_group": {
    "name": "",
    "path": "",
    "id": "d41d8cd98f00b204e9800998ecf8427e",
    "groups": {},
    "checks": {
      "status is 200": {
        "name": "status is 200",
        "path": "::status is 200",
        "id": "6210a8cd14cd70477eba5c5e4cb3fb5f",
        "passes": 1729,
        "fails": 2
      }
    }
  }
}
