{
  "metrics": {
    "checks": {
      "fails": 0,
      "passes": 157713,
      "value": 0
    },
    "data_received": {
      "count": 172853448,
      "rate": 478026.5466615815
    },
    "data_sent": {
      "count": 16559865,
      "rate": 45796.33886812596
    },
    "http_req_blocked": {
      "avg": 0.04377606792085676,
      "max": 90.781,
      "med": 0.005,
      "min": 0.002,
      "p(90)": 0.013,
      "p(95)": 0.023
    },
    "http_req_connecting": {
      "avg": 0.03092705737637356,
      "max": 90.446,
      "med": 0,
      "min": 0,
      "p(90)": 0,
      "p(95)": 0
    },
    "http_req_duration": {
      "avg": 1074.909441320649,
      "max": 10106.721,
      "med": 892.734,
      "min": 1.791,
      "p(90)": 1556.7206,
      "p(95)": 2227.759599999999
    },
    "http_req_receiving": {
      "avg": 0.15211627449861476,
      "max": 258.921,
      "med": 0.1,
      "min": 0.027,
      "p(90)": 0.157,
      "p(95)": 0.199
    },
    "http_req_sending": {
      "avg": 0.15339106478221995,
      "max": 341.014,
      "med": 0.029,
      "min": 0.008,
      "p(90)": 0.054,
      "p(95)": 0.081
    },
    "http_req_tls_handshaking": {
      "avg": 0,
      "max": 0,
      "med": 0,
      "min": 0,
      "p(90)": 0,
      "p(95)": 0
    },
    "http_req_waiting": {
      "avg": 1074.6039339813378,
      "max": 10100.409,
      "med": 892.583,
      "min": 1.698,
      "p(90)": 1556.5612000000008,
      "p(95)": 2227.6281999999987
    },
    "http_reqs": {
      "count": 157713,
      "rate": 436.1556082678663
    },
    "iteration_duration": {
      "avg": 2097.524757952963,
      "max": 19535.048069,
      "med": 1894.026321,
      "min": 1002.078236,
      "p(90)": 2566.8881432,
      "p(95)": 3247.323090999998
    },
    "iterations": {
      "count": 157713,
      "rate": 436.1556082678663
    },
    "vus": {
      "max": 1000,
      "min": 17,
      "value": 422
    },
    "vus_max": {
      "max": 1000,
      "min": 1000,
      "value": 1000
    }
  },
  "root_group": {
    "name": "",
    "path": "",
    "id": "d41d8cd98f00b204e9800998ecf8427e",
    "groups": {},
    "checks": {
      "status is 200": {
        "name": "status is 200",
        "path": "::status is 200",
        "id": "6210a8cd14cd70477eba5c5e4cb3fb5f",
        "passes": 157713,
        "fails": 0
      }
    }
  }
}
