{
  "metrics": {
    "checks": {
      "fails": 0,
      "passes": 182652,
      "value": 0
    },
    "data_received": {
      "count": 207878103,
      "rate": 574955.2517244023
    },
    "data_sent": {
      "count": 19406970,
      "rate": 53676.35725229763
    },
    "http_req_blocked": {
      "avg": 0.11365585922960561,
      "max": 173.283,
      "med": 0.005,
      "min": 0.001,
      "p(90)": 0.01,
      "p(95)": 0.019
    },
    "http_req_connecting": {
      "avg": 0.10379788888158897,
      "max": 147.24,
      "med": 0,
      "min": 0,
      "p(90)": 0,
      "p(95)": 0
    },
    "http_req_duration": {
      "avg": 790.9360172897142,
      "max": 4323.287,
      "med": 676.3145,
      "min": 1.707,
      "p(90)": 1344.7526999999998,
      "p(95)": 1640.209349999999
    },
    "http_req_receiving": {
      "avg": 0.10451104833233749,
      "max": 100.941,
      "med": 0.083,
      "min": 0.024,
      "p(90)": 0.129,
      "p(95)": 0.155
    },
    "http_req_sending": {
      "avg": 0.08645025512998274,
      "max": 235.818,
      "med": 0.026,
      "min": 0.008,
      "p(90)": 0.046,
      "p(95)": 0.066
    },
    "http_req_tls_handshaking": {
      "avg": 0,
      "max": 0,
      "med": 0,
      "min": 0,
      "p(90)": 0,
      "p(95)": 0
    },
    "http_req_waiting": {
      "avg": 790.7450559862378,
      "max": 4319.458,
      "med": 676.1915,
      "min": 1.624,
      "p(90)": 1344.5620999999999,
      "p(95)": 1640.0437499999994
    },
    "http_reqs": {
      "count": 182652,
      "rate": 505.18416861811335
    },
    "iteration_duration": {
      "avg": 1811.1269802806962,
      "max": 9396.208401,
      "med": 1677.404693,
      "min": 1001.948635,
      "p(90)": 2360.8835497,
      "p(95)": 2697.347810899995
    },
    "iterations": {
      "count": 182652,
      "rate": 505.18416861811335
    },
    "vus": {
      "max": 1000,
      "min": 17,
      "value": 410
    },
    "vus_max": {
      "max": 1000,
      "min": 1000,
      "value": 1000
    }
  },
  "root_group": {
    "name": "",
    "path": "",
    "id": "d41d8cd98f00b204e9800998ecf8427e",
    "groups": {},
    "checks": {
      "status is 200": {
        "name": "status is 200",
        "path": "::status is 200",
        "id": "6210a8cd14cd70477eba5c5e4cb3fb5f",
        "passes": 182652,
        "fails": 0
      }
    }
  }
}
