{
  "metrics": {
    "checks": {
      "fails": 0,
      "passes": 303820,
      "value": 0
    },
    "data_received": {
      "count": 355650180,
      "rate": 984764.3914936236
    },
    "data_sent": {
      "count": 32280698,
      "rate": 89382.44294705385
    },
    "http_req_blocked": {
      "avg": 0.08827098940181151,
      "max": 436.731,
      "med": 0.005,
      "min": 0.001,
      "p(90)": 0.009,
      "p(95)": 0.019
    },
    "http_req_connecting": {
      "avg": 0.0733569679415444,
      "max": 144.808,
      "med": 0,
      "min": 0,
      "p(90)": 0,
      "p(95)": 0
    },
    "http_req_duration": {
      "avg": 67.42738464551259,
      "max": 1755.86,
      "med": 24.67,
      "min": 0.835,
      "p(90)": 182.84640000000013,
      "p(95)": 287.81004999999976
    },
    "http_req_receiving": {
      "avg": 0.16932711803041273,
      "max": 711.907,
      "med": 0.071,
      "min": 0.017,
      "p(90)": 0.134,
      "p(95)": 0.189
    },
    "http_req_sending": {
      "avg": 0.5349910802449189,
      "max": 1182.151,
      "med": 0.024,
      "min": 0.007,
      "p(90)": 0.103,
      "p(95)": 0.279
    },
    "http_req_tls_handshaking": {
      "avg": 0,
      "max": 0,
      "med": 0,
      "min": 0,
      "p(90)": 0,
      "p(95)": 0
    },
    "http_req_waiting": {
      "avg": 66.72306644724137,
      "max": 1489.065,
      "med": 24.4705,
      "min": 0.715,
      "p(90)": 181.936,
      "p(95)": 286.7227499999998
    },
    "http_reqs": {
      "count": 303820,
      "rate": 841.251134537856
    },
    "iteration_duration": {
      "avg": 1087.9406766421944,
      "max": 10842.281071,
      "med": 1026.592558,
      "min": 1001.072383,
      "p(90)": 1196.9175854,
      "p(95)": 1306.8654704
    },
    "iterations": {
      "count": 303820,
      "rate": 841.251134537856
    },
    "vus": {
      "max": 1000,
      "min": 17,
      "value": 82
    },
    "vus_max": {
      "max": 1000,
      "min": 1000,
      "value": 1000
    }
  },
  "root_group": {
    "name": "",
    "path": "",
    "id": "d41d8cd98f00b204e9800998ecf8427e",
    "groups": {},
    "checks": {
      "status is 200": {
        "name": "status is 200",
        "path": "::status is 200",
        "id": "6210a8cd14cd70477eba5c5e4cb3fb5f",
        "passes": 303820,
        "fails": 0
      }
    }
  }
}
