{
    "metrics": {
        "checks": {
            "fails": 1,
            "passes": 280416,
            "value": 0
        },
        "data_received": {
            "count": 307335936,
            "rate": 851132.5407853628
        },
        "data_sent": {
            "count": 29741480,
            "rate": 82365.70629708936
        },
        "errors": {
            "fails": 0,
            "passes": 1,
            "value": 0
        },
        "http_req_blocked": {
            "avg": 0.10265443250622357,
            "max": 131.352,
            "med": 0.004,
            "min": 0.001,
            "p(90)": 0.008,
            "p(95)": 0.015
        },
        "http_req_connecting": {
            "avg": 0.06302185316867383,
            "max": 131.201,
            "med": 0,
            "min": 0,
            "p(90)": 0,
            "p(95)": 0
        },
        "http_req_duration": {
            "avg": 164.61170825235192,
            "max": 1873.866,
            "med": 69.95,
            "min": 0.865,
            "p(90)": 412.7734,
            "p(95)": 670.0740000000001
        },
        "http_req_receiving": {
            "avg": 0.07098261161057319,
            "max": 126.499,
            "med": 0.055,
            "min": 0,
            "p(90)": 0.101,
            "p(95)": 0.126
        },
        "http_req_sending": {
            "avg": 0.1260390668183063,
            "max": 204.585,
            "med": 0.02,
            "min": 0.007,
            "p(90)": 0.054,
            "p(95)": 0.126
        },
        "http_req_tls_handshaking": {
            "avg": 0,
            "max": 0,
            "med": 0,
            "min": 0,
            "p(90)": 0,
            "p(95)": 0
        },
        "http_req_waiting": {
            "avg": 164.41468657392107,
            "max": 1873.757,
            "med": 69.855,
            "min": 0.783,
            "p(90)": 412.1386,
            "p(95)": 669.9498000000002
        },
        "http_reqs": {
            "count": 280417,
            "rate": 776.58355477639
        },
        "iteration_duration": {
            "avg": 1178.534098311894,
            "max": 6382.291706,
            "med": 1071.200667,
            "min": 1001.181766,
            "p(90)": 1421.9090379999998,
            "p(95)": 1693.6918072
        },
        "iterations": {
            "count": 280417,
            "rate": 776.58355477639
        },
        "vus": {
            "max": 1000,
            "min": 17,
            "value": 40
        },
        "vus_max": {
            "max": 1000,
            "min": 1000,
            "value": 1000
        }
    },
    "root_group": {
        "name": "",
        "path": "",
        "id": "d41d8cd98f00b204e9800998ecf8427e",
        "groups": {},
        "checks": {
            "status is 200": {
                "name": "status is 200",
                "path": "::status is 200",
                "id": "6210a8cd14cd70477eba5c5e4cb3fb5f",
                "passes": 280416,
                "fails": 1
            }
        }
    }
}
