{
    "metrics": {
        "checks": {
            "fails": 5,
            "passes": 288680,
            "value": 0
        },
        "data_received": {
            "count": 337958539,
            "rate": 935754.4012966318
        },
        "data_sent": {
            "count": 30682519,
            "rate": 84955.10213197344
        },
        "errors": {
            "fails": 0,
            "passes": 5,
            "value": 0
        },
        "http_req_blocked": {
            "avg": 0.3172851343148284,
            "max": 467.97,
            "med": 0.004,
            "min": 0,
            "p(90)": 0.007,
            "p(95)": 0.015
        },
        "http_req_connecting": {
            "avg": 0.27379692398288796,
            "max": 452.444,
            "med": 0,
            "min": 0,
            "p(90)": 0,
            "p(95)": 0
        },
        "http_req_duration": {
            "avg": 127.20934126124075,
            "max": 1435.087,
            "med": 63.171,
            "min": 0,
            "p(90)": 292.76060000000007,
            "p(95)": 524.5287999999996
        },
        "http_req_receiving": {
            "avg": 0.09211890468851093,
            "max": 699.605,
            "med": 0.054,
            "min": 0,
            "p(90)": 0.099,
            "p(95)": 0.123
        },
        "http_req_sending": {
            "avg": 0.2766841713285431,
            "max": 740.246,
            "med": 0.02,
            "min": 0,
            "p(90)": 0.058,
            "p(95)": 0.159
        },
        "http_req_tls_handshaking": {
            "avg": 0,
            "max": 0,
            "med": 0,
            "min": 0,
            "p(90)": 0,
            "p(95)": 0
        },
        "http_req_waiting": {
            "avg": 126.84053818521602,
            "max": 1417.646,
            "med": 63.062,
            "min": 0,
            "p(90)": 292.52940000000007,
            "p(95)": 521.6414
        },
        "http_reqs": {
            "count": 288685,
            "rate": 799.3236689259038
        },
        "iteration_duration": {
            "avg": 1144.2598523856225,
            "max": 7663.030237,
            "med": 1064.557564,
            "min": 1001.169153,
            "p(90)": 1301.1862752,
            "p(95)": 1549.6750499999991
        },
        "iterations": {
            "count": 288685,
            "rate": 799.3236689259038
        },
        "vus": {
            "max": 1000,
            "min": 16,
            "value": 204
        },
        "vus_max": {
            "max": 1000,
            "min": 1000,
            "value": 1000
        }
    },
    "root_group": {
        "name": "",
        "path": "",
        "id": "d41d8cd98f00b204e9800998ecf8427e",
        "groups": {},
        "checks": {
            "status is 200": {
                "name": "status is 200",
                "path": "::status is 200",
                "id": "6210a8cd14cd70477eba5c5e4cb3fb5f",
                "passes": 288680,
                "fails": 5
            }
        }
    }
}
